Grouping, Casino, Game, Day, Date, Time, Cost, Vig%, S-Points, Notes, 
Vegas 2018, Venetian, No Limit Holdem , Mon, 5/14/2018, 12:00 PM,340,17.60%,97, #1-A,
Vegas 2018, Venetian, No Limit Holdem , Mon, 5/14/2018, 7:05 PM,200,20%,32, #2,
Vegas 2018, Venetian, No Limit Holdem , Tue, 5/15/2018, 12:00 PM,340,17.60%,97, #1-B,
Vegas 2018, Venetian, No Limit Holdem , Tue, 5/15/2018, 7:05 PM,200,20%,32, #3: Bounty,
Vegas 2018, Venetian, No Limit Holdem , Wed, 5/16/2018, 12:00 PM,400,14.50%,54, #4,
Vegas 2018, Venetian, No Limit Holdem , Wed, 5/16/2018, 7:05 PM,200,20%,32, #5: Rebuy,
Vegas 2018, Venetian, No Limit Holdem , Thu, 5/17/2018, 12:00 PM,400,15%,87, #6-A,
Vegas 2018, Venetian, No Limit Holdem , Thu, 5/17/2018, 7:05 PM,200,20%,32, #7: Bounty,
Vegas 2018, Venetian, No Limit Holdem , Fri, 5/18/2018, 12:00 PM,400,15%,87, #6-B,
Vegas 2018, Venetian, No Limit Holdem , Fri, 5/18/2018, 7:05 PM,300,16.70%,32, #8: Rebuy,
Vegas 2018, Venetian, No Limit Holdem , Sat, 5/19/2018, 12:00 PM,400,15%,87, #6-C,
Vegas 2018, Venetian, No Limit Holdem , Sat, 5/19/2018, 7:05 PM,300,16.70%,32, #9: Bounty,
Vegas 2018, Venetian, No Limit Holdem , Sun, 5/20/2018, 12:00 PM,300,16.70%,40, #10: Rebuy,
Vegas 2018, Venetian, No Limit Holdem , Sun, 5/20/2018, 7:05 PM,200,21%,35, #12,
Vegas 2018, Venetian, No Limit Holdem , Mon, 5/21/2018, 12:00 PM,340,17.60%,97, #13-A,
Vegas 2018, Venetian, No Limit Holdem , Mon, 5/21/2018, 7:05 PM,200,20%,32, #14: Bounty,
Vegas 2018, Venetian, No Limit Holdem , Tue, 5/22/2018, 12:00 PM,340,17.60%,97, #13-B,
Vegas 2018, Venetian, No Limit Holdem , Tue, 5/22/2018, 7:05 PM,200,20%,32, #15,
Vegas 2018, Venetian, No Limit Holdem , Wed, 5/23/2018, 12:00 PM,400,14.50%,54, #16,
Vegas 2018, Venetian, No Limit Holdem , Wed, 5/23/2018, 7:05 PM,200,20%,32, #17: Rebuy,
Vegas 2018, PH, No Limit Holdem , Thu, 5/24/2018, 11:00 AM,100,25%,45, #1,
Vegas 2018, Venetian, No Limit Holdem , Thu, 5/24/2018, 12:00 PM,600,14.50%,92, #18-A,
Vegas 2018, PH, No Limit Holdem , Thu, 5/24/2018, 7:00 PM,130,23.10%,44, Daily: 5/30 - 7/17 Bounty,
Vegas 2018, Venetian, No Limit Holdem , Thu, 5/24/2018, 7:05 PM,300,16.70%,32, #19: Bounty,
Vegas 2018, PH, No Limit Holdem , Fri, 5/25/2018, 11:00 AM,100,25%,45, #2,
Vegas 2018, Venetian, No Limit Holdem , Fri, 5/25/2018, 12:00 PM,600,14.50%,92, #18-B,
Vegas 2018, Venetian, No Limit Holdem , Fri, 5/25/2018, 7:00 PM,300,16.70%,32, #20: Rebuy,
Vegas 2018, Aria, No Limit Holdem , Sat, 5/26/2018, 11:00 AM,400,15%,63, ,
Vegas 2018, PH, No Limit Holdem , Sat, 5/26/2018, 11:00 AM,100,25%,45, #3,
Vegas 2018, Venetian, No Limit Holdem , Sat, 5/26/2018, 12:00 PM,600,14.50%,92, #18-C,
Vegas 2018, Venetian, No Limit Holdem , Sat, 5/26/2018, 7:05 PM,300,16.70%,32, #22: Bounty,
Vegas 2018, Aria, No Limit Holdem , Sun, 5/27/2018, 11:00 AM,400,15%,63, ,
Vegas 2018, PH, No Limit Holdem , Sun, 5/27/2018, 11:00 AM,100,25%,50, #4,
Vegas 2018, Venetian, No Limit Holdem , Sun, 5/27/2018, 11:00 AM,400,14.50%,40, #23: Seniors,
Vegas 2018, Venetian, No Limit Holdem , Sun, 5/27/2018, 12:00 PM,600,13.70%,77, #24,
Vegas 2018, Aria, No Limit Holdem , Sun, 5/27/2018, 7:00 PM,240,18.80%,44, ,
Vegas 2018, Venetian, No Limit Holdem , Sun, 5/27/2018, 7:05 PM,300,17.70%,35, #26,
Vegas 2018, Aria, No Limit Holdem , Mon, 5/28/2018, 11:00 AM,400,15%,63, ,
Vegas 2018, PH, No Limit Holdem , Mon, 5/28/2018, 11:00 AM,100,25%,45, #6,
Vegas 2018, Venetian, No Limit Holdem , Mon, 5/28/2018, 11:00 AM,200,20%,20, #27: Satellite,
Vegas 2018, Venetian, No Limit Holdem , Mon, 5/28/2018, 12:00 PM,1100,11.40%,92, #28-A,
Vegas 2018, Aria, No Limit Holdem , Mon, 5/28/2018, 7:00 PM,240,18.80%,44, ,
Vegas 2018, Venetian, No Limit Holdem , Mon, 5/28/2018, 7:05 PM,300,16.70%,32, #30: Bounty,
Vegas 2018, Aria, No Limit Holdem , Tue, 5/29/2018, 11:00 AM,400,15%,63, ,
Vegas 2018, PH, No Limit Holdem , Tue, 5/29/2018, 11:00 AM,100,25%,45, #7,
Vegas 2018, Venetian, No Limit Holdem , Tue, 5/29/2018, 12:00 PM,1100,11.40%,92, #28-B,
Vegas 2018, Nugget, No Limit Holdem , Tue, 5/29/2018, 1:00 PM,150,26.70%,46, #2,
Vegas 2018, Rio, No Limit Holdem , Tue, 5/29/2018, 1:00 PM,250,19.20%,34, Daily: 5/29 - 7/15,
Vegas 2018, Rio, No Limit Holdem , Tue, 5/29/2018, 4:00 PM,200,21.50%,43, Daily: 5/29 - 7/15,
Vegas 2018, Aria, No Limit Holdem , Tue, 5/29/2018, 7:00 PM,240,18.80%,44, ,
Vegas 2018, Nugget, No Limit Holdem , Tue, 5/29/2018, 7:00 PM,110,27.30%,28, ,
Vegas 2018, Rio, No Limit Holdem , Tue, 5/29/2018, 7:00 PM,365,17.80%,37, Daily: 5/29 - 7/15,
Vegas 2018, Venetian, No Limit Holdem , Tue, 5/29/2018, 7:05 PM,300,17.70%,35, #31,
Vegas 2018, Rio, No Limit Holdem , Tue, 5/29/2018, 10:00 PM,150,25.30%,27, Daily: 5/29 - 7/15,
Vegas 2018, PH, No Limit Holdem , Wed, 5/30/2018, 11:00 AM,100,25%,50, #9,
Vegas 2018, Rio, No Limit Holdem , Wed, 5/30/2018, 11:00 AM,565,11.50%,49, #1: Casino Employees,
Vegas 2018, Venetian, No Limit Holdem , Wed, 5/30/2018, 12:00 PM,600,13.70%,77, #32,
Vegas 2018, Nugget, No Limit Holdem , Wed, 5/30/2018, 1:00 PM,150,26.70%,46, #5,
Vegas 2018, Rio, No Limit Holdem , Wed, 5/30/2018, 3:00 PM,10000,5%,56, #2: Turbo Bounty,
Vegas 2018, Aria, No Limit Holdem , Wed, 5/30/2018, 7:00 PM,240,18.80%,44, ,
Vegas 2018, Nugget, No Limit Holdem , Wed, 5/30/2018, 7:00 PM,110,27.30%,28, ,
Vegas 2018, Venetian, No Limit Holdem , Wed, 5/30/2018, 7:05 PM,300,16.70%,32, #33: Bounty,
Vegas 2018, Aria, No Limit Holdem , Thu, 5/31/2018, 11:00 AM,400,15%,63, ,
Vegas 2018, Nugget, No Limit Holdem , Thu, 5/31/2018, 11:00 AM,150,26.70%,50, #8-A,
Vegas 2018, PH, No Limit Holdem , Thu, 5/31/2018, 11:00 AM,100,25%,45, #11,
Vegas 2018, Venetian, No Limit Holdem , Thu, 5/31/2018, 12:00 PM,600,14.50%,92, #34: A,
Vegas 2018, Nugget, No Limit Holdem , Thu, 5/31/2018, 3:00 PM,150,26.70%,50, #8-B,
Vegas 2018, Venetian, No Limit Holdem , Thu, 5/31/2018, 6:05 PM,400,15%,65, #35: A,
Vegas 2018, Aria, No Limit Holdem , Thu, 5/31/2018, 7:00 PM,240,18.80%,44, ,
Vegas 2018, Nugget, No Limit Holdem , Thu, 5/31/2018, 7:00 PM,150,26.70%,50, #8-C,
Vegas 2018, Aria, No Limit Holdem , Fri, 6/1/2018, 11:00 AM,400,15%,63, ,
Vegas 2018, Nugget, No Limit Holdem , Fri, 6/1/2018, 11:00 AM,150,26.70%,50, #8-D,
Vegas 2018, PH, No Limit Holdem , Fri, 6/1/2018, 11:00 AM,100,25%,50, #12,
Vegas 2018, Venetian, No Limit Holdem , Fri, 6/1/2018, 12:00 PM,600,14.50%,92, #34: B,
Vegas 2018, Wynn, No Limit Holdem , Fri, 6/1/2018, 12:00 PM,550,12.70%,58, 5K Survivor,
Vegas 2018, Nugget, No Limit Holdem , Fri, 6/1/2018, 3:00 PM,150,26.70%,50, #8-E,
Vegas 2018, Rio, No Limit Holdem , Fri, 6/1/2018, 3:00 PM,100000,3%,164, #5: High Roller,
Vegas 2018, Aria, No Limit Holdem , Fri, 6/1/2018, 7:00 PM,240,18.80%,44, ,
Vegas 2018, Nugget, No Limit Holdem , Fri, 6/1/2018, 7:00 PM,150,26.70%,50, #8-F,
Vegas 2018, Rio, No Limit Holdem , Fri, 6/1/2018, 7:00 PM,365,17.80%,39, #6-A: Giant,
Vegas 2018, Orleans, No Limit Holdem , Fri, 6/1/2018, 7:05 PM,130,23.10%,31, ,
Vegas 2018, Venetian, No Limit Holdem , Fri, 6/1/2018, 7:05 PM,400,14.50%,32, #37: Bounty,
Vegas 2018, Rio, No Limit Holdem , Sat, 6/2/2018, 10:00 AM,565,11.50%,57, #7-A: Colossus,
Vegas 2018, Nugget, No Limit Holdem , Sat, 6/2/2018, 11:00 AM,150,26.70%,50, #8-G,
Vegas 2018, Orleans, No Limit Holdem , Sat, 6/2/2018, 11:00 AM,150,20%,49, Bounty,
Vegas 2018, PH, No Limit Holdem , Sat, 6/2/2018, 11:00 AM,200,17.50%,65, #14,
Vegas 2018, Venetian, No Limit Holdem , Sat, 6/2/2018, 12:00 PM,600,13.70%,77, #38,
Vegas 2018, Wynn, No Limit Holdem , Sat, 6/2/2018, 12:00 PM,550,12.70%,58, ,
Vegas 2018, Nugget, No Limit Holdem , Sat, 6/2/2018, 3:00 PM,150,26.70%,50, #8-H,
Vegas 2018, Venetian, No Limit Holdem , Sat, 6/2/2018, 4:00 PM,200,20%,20, #39: Satellite,
Vegas 2018, Rio, No Limit Holdem , Sat, 6/2/2018, 5:00 PM,565,11.50%,57, #7-B: Colossus,
Vegas 2018, Aria, No Limit Holdem , Sat, 6/2/2018, 7:00 PM,240,18.80%,44, ,
Vegas 2018, Nugget, No Limit Holdem , Sat, 6/2/2018, 7:00 PM,150,26.70%,50, #8-I,
Vegas 2018, Venetian, No Limit Holdem , Sat, 6/2/2018, 7:05 PM,400,14.50%,32, #40: Bounty,
Vegas 2018, Rio, No Limit Holdem , Sun, 6/3/2018, 10:00 AM,565,11.50%,57, #7-C: Colossus,
Vegas 2018, Binions, No Limit Holdem , Sun, 6/3/2018, 11:00 AM,365,17.80%,81, ,
Vegas 2018, PH, No Limit Holdem , Sun, 6/3/2018, 11:00 AM,200,17.50%,67, #16,
Vegas 2018, Venetian, No Limit Holdem , Sun, 6/3/2018, 11:00 AM,200,20%,20, #41: Satellite,
Vegas 2018, Venetian, No Limit Holdem , Sun, 6/3/2018, 12:00 PM,1100,11.40%,92, #42-A,
Vegas 2018, Wynn, No Limit Holdem , Sun, 6/3/2018, 12:00 PM,1100,10.10%,63, ,
Vegas 2018, Nugget, No Limit Holdem , Sun, 6/3/2018, 3:00 PM,150,26.70%,46, #10,
Vegas 2018, Rio, No Limit Holdem , Sun, 6/3/2018, 3:30 PM,365,10.10%,40, #10: Online,
Vegas 2018, Rio, No Limit Holdem , Sun, 6/3/2018, 5:00 PM,565,11.50%,57, #7-D: Colossus,
Vegas 2018, Aria, No Limit Holdem , Sun, 6/3/2018, 7:00 PM,240,18.80%,44, ,
Vegas 2018, Venetian, No Limit Holdem , Sun, 6/3/2018, 7:05 PM,400,14.50%,32, #44,
Vegas 2018, Rio, No Limit Holdem , Mon, 6/4/2018, 10:00 AM,565,11.50%,57, #7-E: Colossus,
Vegas 2018, Orleans, No Limit Holdem , Mon, 6/4/2018, 11:00 AM,150,20%,55, ,
Vegas 2018, PH, No Limit Holdem , Mon, 6/4/2018, 11:00 AM,200,17.50%,65, #18,
Vegas 2018, Venetian, No Limit Holdem , Mon, 6/4/2018, 12:00 PM,1100,11.40%,92, #42-B,
Vegas 2018, Wynn, No Limit Holdem , Mon, 6/4/2018, 12:00 PM,550,12.70%,58, ,
Vegas 2018, Nugget, No Limit Holdem , Mon, 6/4/2018, 1:00 PM,150,26.70%,46, #13,
Vegas 2018, Venetian, No Limit Holdem , Mon, 6/4/2018, 4:00 PM,200,20%,20, #45: Satellite,
Vegas 2018, Rio, No Limit Holdem , Mon, 6/4/2018, 5:00 PM,565,11.50%,57, #7-F: Colossus,
Vegas 2018, Aria, No Limit Holdem , Mon, 6/4/2018, 7:00 PM,240,18.80%,44, ,
Vegas 2018, PH, No Limit Holdem , Mon, 6/4/2018, 7:00 PM,300,15%,43, #19-A: Turbo,
Vegas 2018, Venetian, No Limit Holdem , Mon, 6/4/2018, 7:05 PM,1100,9.10%,30, #46: Turbo Bounty,
Vegas 2018, PH, No Limit Holdem , Tue, 6/5/2018, 10:00 AM,300,15%,65, #19-B,
Vegas 2018, Aria, No Limit Holdem , Tue, 6/5/2018, 11:00 AM,400,15%,63, ,
Vegas 2018, Orleans, No Limit Holdem , Tue, 6/5/2018, 11:00 AM,150,20%,55, ,
Vegas 2018, Rio, No Limit Holdem , Tue, 6/5/2018, 11:00 AM,1500,10%,100, #13,
Vegas 2018, Venetian, No Limit Holdem , Tue, 6/5/2018, 12:00 PM,1100,11.40%,92, #42-C,
Vegas 2018, Wynn, No Limit Holdem , Tue, 6/5/2018, 12:00 PM,550,12.70%,58, ,
Vegas 2018, Nugget, No Limit Holdem , Tue, 6/5/2018, 1:00 PM,150,26.70%,46, #16,
Vegas 2018, PH, No Limit Holdem , Tue, 6/5/2018, 3:00 PM,300,15%,65, #19-C,
Vegas 2018, PH, No Limit Holdem , Tue, 6/5/2018, 5:00 PM,130,23.10%,36, #20: Satellite,
Vegas 2018, Aria, No Limit Holdem , Tue, 6/5/2018, 7:00 PM,150,16.70%,40, Satellite,
Vegas 2018, Aria, No Limit Holdem , Tue, 6/5/2018, 7:00 PM,150,16.70%,40, Satellite,
Vegas 2018, PH, No Limit Holdem , Tue, 6/5/2018, 7:00 PM,300,15%,43, #19-D: Turbo,
Vegas 2018, Venetian, No Limit Holdem , Tue, 6/5/2018, 7:05 PM,600,13.30%,35, #48,
Vegas 2018, Venetian, No Limit Holdem , Tue, 6/5/2018, 7:05 PM,600,13.30%,35, #49,
Vegas 2018, PH, No Limit Holdem , Wed, 6/6/2018, 10:00 AM,600,13.30%,65, #21-A,
Vegas 2018, Aria, No Limit Holdem , Wed, 6/6/2018, 11:00 AM,1100,9.10%,108, ,
Vegas 2018, Orleans, No Limit Holdem , Wed, 6/6/2018, 11:00 AM,150,20%,55, ,
Vegas 2018, Venetian, No Limit Holdem , Wed, 6/6/2018, 12:00 PM,1100,11.40%,92, #42-D,
Vegas 2018, Wynn, No Limit Holdem , Wed, 6/6/2018, 12:00 PM,550,12.70%,58, ,
Vegas 2018, Nugget, No Limit Holdem , Wed, 6/6/2018, 1:00 PM,150,26.70%,46, #19,
Vegas 2018, PH, No Limit Holdem , Wed, 6/6/2018, 3:00 PM,600,13.30%,65, #21-B,
Vegas 2018, PH, No Limit Holdem , Wed, 6/6/2018, 5:00 PM,130,23.10%,36, #22: Satellite,
Vegas 2018, PH, No Limit Holdem , Thu, 6/7/2018, 10:00 AM,600,13.30%,65, #21-C,
Vegas 2018, Nugget, No Limit Holdem , Thu, 6/7/2018, 11:00 AM,200,22.50%,41, #22-A,
Vegas 2018, Orleans, No Limit Holdem , Thu, 6/7/2018, 11:00 AM,150,20%,55, ,
Vegas 2018, Rio, No Limit Holdem , Thu, 6/7/2018, 11:00 AM,1500,10%,117, #17: 6 Handed,
Vegas 2018, Venetian, No Limit Holdem , Thu, 6/7/2018, 12:00 PM,1100,10%,58, #50: Bounty,
Vegas 2018, Wynn, No Limit Holdem , Thu, 6/7/2018, 12:00 PM,550,12.70%,58, ,
Vegas 2018, Nugget, No Limit Holdem , Thu, 6/7/2018, 3:00 PM,200,22.50%,41, #22-B,
Vegas 2018, PH, No Limit Holdem , Thu, 6/7/2018, 3:00 PM,600,13.30%,65, #21-D,
Vegas 2018, Venetian, No Limit Holdem , Thu, 6/7/2018, 6:05 PM,400,15%,65, #35: B,
Vegas 2018, Aria, No Limit Holdem , Thu, 6/7/2018, 7:00 PM,240,18.80%,44, ,
Vegas 2018, Nugget, No Limit Holdem , Thu, 6/7/2018, 7:00 PM,200,22.50%,41, #22-C,
Vegas 2018, PH, No Limit Holdem , Fri, 6/8/2018, 10:00 AM,600,13.30%,65, #21-E,
Vegas 2018, Aria, No Limit Holdem , Fri, 6/8/2018, 11:00 AM,400,15%,63, ,
Vegas 2018, Nugget, No Limit Holdem , Fri, 6/8/2018, 11:00 AM,200,22.50%,41, #22-D,
Vegas 2018, Venetian, No Limit Holdem , Fri, 6/8/2018, 12:00 PM,600,14.50%,92, #52,
Vegas 2018, Wynn, No Limit Holdem , Fri, 6/8/2018, 12:00 PM,550,12.70%,58, 5K Survivor,
Vegas 2018, Nugget, No Limit Holdem , Fri, 6/8/2018, 3:00 PM,200,22.50%,41, #22-E,
Vegas 2018, PH, No Limit Holdem , Fri, 6/8/2018, 3:00 PM,600,13.30%,65, #21-F,
Vegas 2018, Rio, No Limit Holdem , Fri, 6/8/2018, 3:00 PM,5000,7%,154, #20,
Vegas 2018, Aria, No Limit Holdem , Fri, 6/8/2018, 7:00 PM,240,18.80%,44, ,
Vegas 2018, Nugget, No Limit Holdem , Fri, 6/8/2018, 7:00 PM,200,22.50%,41, #22-F,
Vegas 2018, Rio, No Limit Holdem , Fri, 6/8/2018, 7:00 PM,365,17.80%,39, #6-B: Giant,
Vegas 2018, Orleans, No Limit Holdem , Fri, 6/8/2018, 7:05 PM,130,23.10%,31, ,
Vegas 2018, Venetian, No Limit Holdem , Fri, 6/8/2018, 7:05 PM,1100,9.10%,30, #53: Turbo,
Vegas 2018, Rio, No Limit Holdem , Sat, 6/9/2018, 10:00 AM,1500,10%,118, #21-A: Millionare,
Vegas 2018, Nugget, No Limit Holdem , Sat, 6/9/2018, 11:00 AM,200,22.50%,41, #22-G,
Vegas 2018, Orleans, No Limit Holdem , Sat, 6/9/2018, 11:00 AM,150,20%,49, Bounty,
Vegas 2018, PH, No Limit Holdem , Sat, 6/9/2018, 11:00 AM,200,17.50%,65, #24,
Vegas 2018, Venetian, No Limit Holdem , Sat, 6/9/2018, 12:00 PM,600,14.50%,92, #54: A,
Vegas 2018, Wynn, No Limit Holdem , Sat, 6/9/2018, 12:00 PM,1100,10.10%,63, ,
Vegas 2018, Nugget, No Limit Holdem , Sat, 6/9/2018, 3:00 PM,200,22.50%,41, #22-H,
Vegas 2018, Aria, No Limit Holdem , Sat, 6/9/2018, 7:00 PM,240,18.80%,44, ,
Vegas 2018, Nugget, No Limit Holdem , Sat, 6/9/2018, 7:00 PM,200,22.50%,41, #22-I,
Vegas 2018, Venetian, No Limit Holdem , Sat, 6/9/2018, 7:05 PM,400,14.50%,32, #56: Survivor,
Vegas 2018, Rio, No Limit Holdem , Sun, 6/10/2018, 10:00 AM,1500,10%,118, #21-B: Millionare,
Vegas 2018, Binions, No Limit Holdem , Sun, 6/10/2018, 11:00 AM,365,17.80%,81, ,
Vegas 2018, PH, No Limit Holdem , Sun, 6/10/2018, 11:00 AM,200,17.50%,65, #25,
Vegas 2018, Venetian, No Limit Holdem , Sun, 6/10/2018, 12:00 PM,600,14.50%,92, #54: B,
Vegas 2018, Wynn, No Limit Holdem , Sun, 6/10/2018, 12:00 PM,550,12.70%,58, ,
Vegas 2018, Nugget, No Limit Holdem , Sun, 6/10/2018, 1:00 PM,150,26.70%,46, #24,
Vegas 2018, Aria, No Limit Holdem , Sun, 6/10/2018, 7:00 PM,240,18.80%,44, ,
Vegas 2018, Nugget, No Limit Holdem , Sun, 6/10/2018, 7:00 PM,110,27.30%,31, #25,
Vegas 2018, Venetian, No Limit Holdem , Sun, 6/10/2018, 7:05 PM,600,13.30%,35, #58,
Vegas 2018, Aria, No Limit Holdem , Mon, 6/11/2018, 11:00 AM,400,15%,63, ,
Vegas 2018, Orleans, No Limit Holdem , Mon, 6/11/2018, 11:00 AM,150,20%,55, ,
Vegas 2018, PH, No Limit Holdem , Mon, 6/11/2018, 11:00 AM,100,25%,36, #27: Satellite,
Vegas 2018, Rio, No Limit Holdem , Mon, 6/11/2018, 11:00 AM,2620,10%,254, #24: Marathon,
Vegas 2018, Wynn, No Limit Holdem , Mon, 6/11/2018, 11:00 AM,550,12.70%,60, Seniors,
Vegas 2018, Venetian, No Limit Holdem , Mon, 6/11/2018, 12:00 PM,600,14.50%,92, #54: C,
Vegas 2018, Nugget, No Limit Holdem , Mon, 6/11/2018, 1:00 PM,150,26.70%,46, #27,
Vegas 2018, PH, No Limit Holdem , Mon, 6/11/2018, 3:00 PM,600,13.30%,97, #28-A,
Vegas 2018, Aria, No Limit Holdem , Mon, 6/11/2018, 7:00 PM,240,18.80%,44, ,
Vegas 2018, Nugget, No Limit Holdem , Mon, 6/11/2018, 7:00 PM,200,20%,27, #28: Tag Team,
Vegas 2018, Venetian, No Limit Holdem , Mon, 6/11/2018, 7:05 PM,400,14.50%,32, #59: Bounty,
Vegas 2018, Aria, No Limit Holdem , Tue, 6/12/2018, 11:00 AM,400,15%,63, ,
Vegas 2018, Binions, No Limit Holdem , Tue, 6/12/2018, 11:00 AM,1000,10%,162, #1-A,
Vegas 2018, Orleans, No Limit Holdem , Tue, 6/12/2018, 11:00 AM,150,20%,55, ,
Vegas 2018, PH, No Limit Holdem , Tue, 6/12/2018, 11:00 AM,600,13.30%,97, #28-B,
Vegas 2018, Venetian, No Limit Holdem , Tue, 6/12/2018, 11:00 AM,600,13.70%,87, #60-A: Seniors,
Vegas 2018, Wynn, No Limit Holdem , Tue, 6/12/2018, 12:00 PM,400,13.50%,60, ,
Vegas 2018, Nugget, No Limit Holdem , Tue, 6/12/2018, 1:00 PM,150,26.70%,46, #29,
Vegas 2018, Venetian, No Limit Holdem , Tue, 6/12/2018, 1:00 PM,1100,11.80%,102, #61,
Vegas 2018, Aria, No Limit Holdem , Tue, 6/12/2018, 7:00 PM,240,18.80%,44, ,
Vegas 2018, Nugget, No Limit Holdem , Tue, 6/12/2018, 7:00 PM,110,27.30%,30, #30: Bounty,
Vegas 2018, Venetian, No Limit Holdem , Tue, 6/12/2018, 7:05 PM,600,13.30%,35, #62: Survivor,
Vegas 2018, Aria, No Limit Holdem , Wed, 6/13/2018, 11:00 AM,470,14.90%,63, Seniors,
Vegas 2018, Binions, No Limit Holdem , Wed, 6/13/2018, 11:00 AM,1000,10%,162, #1-B,
Vegas 2018, Orleans, No Limit Holdem , Wed, 6/13/2018, 11:00 AM,150,20%,55, ,
Vegas 2018, PH, No Limit Holdem , Wed, 6/13/2018, 11:00 AM,250,18%,67, #30-A,
Vegas 2018, Rio, No Limit Holdem , Wed, 6/13/2018, 11:00 AM,3000,10%,140, #28: 6 Handed,
Vegas 2018, Venetian, No Limit Holdem , Wed, 6/13/2018, 11:00 AM,600,13.70%,87, #60-B: Seniors,
Vegas 2018, Nugget, No Limit Holdem , Wed, 6/13/2018, 1:00 PM,150,26.70%,46, #31,
Vegas 2018, PH, No Limit Holdem , Wed, 6/13/2018, 4:00 PM,250,18%,67, #30-B,
Vegas 2018, Wynn, No Limit Holdem , Wed, 6/13/2018, 7:00 PM,175,18.30%,33, Satellite,
Vegas 2018, Venetian, No Limit Holdem , Wed, 6/13/2018, 7:05 PM,400,14.50%,32, #64: Bounty,
Vegas 2018, Nugget, No Limit Holdem , Thu, 6/14/2018, 10:00 AM,370,18.90%,34, #33: Seniors,
Vegas 2018, Aria, No Limit Holdem , Thu, 6/14/2018, 11:00 AM,400,15%,63, ,
Vegas 2018, Orleans, No Limit Holdem , Thu, 6/14/2018, 11:00 AM,150,20%,55, ,
Vegas 2018, PH, No Limit Holdem , Thu, 6/14/2018, 11:00 AM,250,18%,67, #30-C,
Vegas 2018, Venetian, No Limit Holdem , Thu, 6/14/2018, 12:00 PM,1600,10%,109, #65: 6 Handed,
Vegas 2018, Wynn, No Limit Holdem , Thu, 6/14/2018, 12:00 PM,1100,11%,94, #1-A,
Vegas 2018, Nugget, No Limit Holdem , Thu, 6/14/2018, 1:00 PM,150,26.70%,46, #34,
Vegas 2018, PH, No Limit Holdem , Thu, 6/14/2018, 4:00 PM,250,18%,67, #30-D,
Vegas 2018, Venetian, No Limit Holdem , Thu, 6/14/2018, 6:05 PM,400,15%,65, #35: C,
Vegas 2018, Aria, No Limit Holdem , Thu, 6/14/2018, 7:00 PM,240,18.80%,44, ,
Vegas 2018, Venetian, No Limit Holdem , Thu, 6/14/2018, 7:00 PM,600,12.50%,32, #66: Satellite,
Vegas 2018, Rio, No Limit Holdem , Fri, 6/15/2018, 10:00 AM,1000,10%,88, #32: Seniors,
Vegas 2018, Aria, No Limit Holdem , Fri, 6/15/2018, 11:00 AM,400,15%,63, ,
Vegas 2018, PH, No Limit Holdem , Fri, 6/15/2018, 11:00 AM,100,25%,45, #32,
Vegas 2018, Venetian, No Limit Holdem , Fri, 6/15/2018, 11:00 AM,600,12.50%,32, #67: Satellite,
Vegas 2018, Venetian, No Limit Holdem , Fri, 6/15/2018, 12:00 PM,800,12.50%,104, #68-A: 8 Handed,
Vegas 2018, Wynn, No Limit Holdem , Fri, 6/15/2018, 12:00 PM,1100,11%,94, #1-B,
Vegas 2018, Nugget, No Limit Holdem , Fri, 6/15/2018, 1:00 PM,150,26.70%,46, #37,
Vegas 2018, Venetian, No Limit Holdem , Fri, 6/15/2018, 2:00 PM,5000,8%,162, #69,
Vegas 2018, PH, No Limit Holdem , Fri, 6/15/2018, 3:00 PM,130,19.20%,36, #34: Satellite,
Vegas 2018, Aria, No Limit Holdem , Fri, 6/15/2018, 7:00 PM,240,18.80%,44, ,
Vegas 2018, Rio, No Limit Holdem , Fri, 6/15/2018, 7:00 PM,365,17.80%,39, #6-C: Giant,
Vegas 2018, Venetian, No Limit Holdem , Fri, 6/15/2018, 7:00 PM,600,13.30%,35, #70: Bounty,
Vegas 2018, Orleans, No Limit Holdem , Fri, 6/15/2018, 7:05 PM,130,23.10%,31, ,
Vegas 2018, Nugget, No Limit Holdem , Sat, 6/16/2018, 10:00 AM,260,23.10%,34, #39: Seniors,
Vegas 2018, PH, No Limit Holdem , Sat, 6/16/2018, 10:00 AM,600,13.30%,65, #35: Seniors,
Vegas 2018, Aria, No Limit Holdem , Sat, 6/16/2018, 11:00 AM,400,15%,63, ,
Vegas 2018, PH, No Limit Holdem , Sat, 6/16/2018, 11:00 AM,100,25%,50, #36,
Vegas 2018, Rio, No Limit Holdem , Sat, 6/16/2018, 11:00 AM,1000,10%,115, #34-A,
Vegas 2018, Venetian, No Limit Holdem , Sat, 6/16/2018, 12:00 PM,800,12.50%,104, #68-B: 8 Handed,
Vegas 2018, Wynn, No Limit Holdem , Sat, 6/16/2018, 12:00 PM,1100,11%,94, #1-C,
Vegas 2018, Nugget, No Limit Holdem , Sat, 6/16/2018, 1:00 PM,150,26.70%,46, #40,
Vegas 2018, Nugget, No Limit Holdem , Sat, 6/16/2018, 3:00 PM,1040,13.50%,92, #41: Seniors,
Vegas 2018, PH, No Limit Holdem , Sat, 6/16/2018, 3:00 PM,700,12.90%,106, #37-A,
Vegas 2018, Venetian, No Limit Holdem , Sat, 6/16/2018, 6:05 PM,600,13.70%,35, #71,
Vegas 2018, Aria, No Limit Holdem , Sat, 6/16/2018, 7:00 PM,240,18.80%,44, ,
Vegas 2018, Venetian, No Limit Holdem , Sat, 6/16/2018, 10:00 PM,400,12.50%,17, #72: Turbo,
Vegas 2018, Rio, No Limit Holdem , Sun, 6/17/2018, 10:00 AM,1000,10%,92, #36: Super Seniors,
Vegas 2018, Aria, No Limit Holdem , Sun, 6/17/2018, 11:00 AM,470,14.90%,63, Seniors,
Vegas 2018, Binions, No Limit Holdem , Sun, 6/17/2018, 11:00 AM,365,17.80%,81, ,
Vegas 2018, Orleans, No Limit Holdem , Sun, 6/17/2018, 11:00 AM,150,20%,49, Bounty,
Vegas 2018, PH, No Limit Holdem , Sun, 6/17/2018, 11:00 AM,200,17.50%,65, #38,
Vegas 2018, Rio, No Limit Holdem , Sun, 6/17/2018, 11:00 AM,1000,10%,115, #34-B,
Vegas 2018, Venetian, No Limit Holdem , Sun, 6/17/2018, 12:00 PM,800,12.50%,104, #68-C: 8 Handed,
Vegas 2018, Nugget, No Limit Holdem , Sun, 6/17/2018, 1:00 PM,150,26.70%,46, #44,
Vegas 2018, PH, No Limit Holdem , Sun, 6/17/2018, 3:00 PM,700,12.90%,106, #37-B,
Vegas 2018, Venetian, No Limit Holdem , Sun, 6/17/2018, 4:00 PM,300,16%,20, #73: Satellite,
Vegas 2018, Venetian, No Limit Holdem , Sun, 6/17/2018, 7:05 PM,1100,9.10%,30, #74: Turbo,
Vegas 2018, Aria, No Limit Holdem , Mon, 6/18/2018, 11:00 AM,400,15%,63, ,
Vegas 2018, Nugget, No Limit Holdem , Mon, 6/18/2018, 11:00 AM,260,23.10%,34, #46: Super Seniors,
Vegas 2018, Orleans, No Limit Holdem , Mon, 6/18/2018, 11:00 AM,150,20%,55, ,
Vegas 2018, PH, No Limit Holdem , Mon, 6/18/2018, 11:00 AM,700,12.90%,106, #37-C,
Vegas 2018, Rio, No Limit Holdem , Mon, 6/18/2018, 11:00 AM,1500,10%,100, #37,
Vegas 2018, Venetian, No Limit Holdem , Mon, 6/18/2018, 12:00 PM,1600,10%,115, #75-A,
Vegas 2018, Wynn, No Limit Holdem , Mon, 6/18/2018, 12:00 PM,400,13.50%,60, ,
Vegas 2018, Nugget, No Limit Holdem , Mon, 6/18/2018, 1:00 PM,150,26.70%,46, #47,
Vegas 2018, Aria, No Limit Holdem , Mon, 6/18/2018, 7:00 PM,240,18.80%,44, ,
Vegas 2018, Venetian, No Limit Holdem , Mon, 6/18/2018, 7:05 PM,400,14.50%,32, #77: Bounty,
Vegas 2018, Orleans, No Limit Holdem , Tue, 6/19/2018, 11:00 AM,150,20%,55, ,
Vegas 2018, PH, No Limit Holdem , Tue, 6/19/2018, 11:00 AM,100,25%,45, #39,
Vegas 2018, Venetian, No Limit Holdem , Tue, 6/19/2018, 12:00 PM,1600,10%,115, #75-B,
Vegas 2018, Wynn, No Limit Holdem , Tue, 6/19/2018, 12:00 PM,550,12.70%,58, ,
Vegas 2018, Nugget, No Limit Holdem , Tue, 6/19/2018, 1:00 PM,150,26.70%,46, #50,
Vegas 2018, Venetian, No Limit Holdem , Tue, 6/19/2018, 4:00 PM,300,16%,20, #78: Satellite,
Vegas 2018, Aria, No Limit Holdem , Tue, 6/19/2018, 7:00 PM,150,16.70%,40, Satellite,
Vegas 2018, Venetian, No Limit Holdem , Tue, 6/19/2018, 7:05 PM,600,13.30%,35, #79,
Vegas 2018, Aria, No Limit Holdem , Wed, 6/20/2018, 11:00 AM,1100,9.10%,108, ,
Vegas 2018, Orleans, No Limit Holdem , Wed, 6/20/2018, 11:00 AM,150,20%,55, ,
Vegas 2018, PH, No Limit Holdem , Wed, 6/20/2018, 11:00 AM,250,18%,65, #40-A,
Vegas 2018, Venetian, No Limit Holdem , Wed, 6/20/2018, 12:00 PM,1600,10%,115, #75-C,
Vegas 2018, Wynn, No Limit Holdem , Wed, 6/20/2018, 12:00 PM,550,12.70%,58, ,
Vegas 2018, Nugget, No Limit Holdem , Wed, 6/20/2018, 1:00 PM,150,26.70%,46, #53,
Vegas 2018, PH, No Limit Holdem , Wed, 6/20/2018, 4:00 PM,250,18%,65, #40-B,
Vegas 2018, Venetian, No Limit Holdem , Wed, 6/20/2018, 7:05 PM,400,14.50%,32, #80,
Vegas 2018, Aria, No Limit Holdem , Thu, 6/21/2018, 11:00 AM,400,15%,63, ,
Vegas 2018, Nugget, No Limit Holdem , Thu, 6/21/2018, 11:00 AM,200,22.50%,41, #56-A,
Vegas 2018, Orleans, No Limit Holdem , Thu, 6/21/2018, 11:00 AM,150,20%,55, ,
Vegas 2018, PH, No Limit Holdem , Thu, 6/21/2018, 11:00 AM,250,18%,65, #40-C,
Vegas 2018, Rio, No Limit Holdem , Thu, 6/21/2018, 11:00 AM,2500,10%,131, #43,
Vegas 2018, Venetian, No Limit Holdem , Thu, 6/21/2018, 12:00 PM,1100,10%,58, #81: Bounty,
Vegas 2018, Wynn, No Limit Holdem , Thu, 6/21/2018, 12:00 PM,550,12.70%,58, ,
Vegas 2018, Nugget, No Limit Holdem , Thu, 6/21/2018, 3:00 PM,200,22.50%,41, #56-B,
Vegas 2018, PH, No Limit Holdem , Thu, 6/21/2018, 4:00 PM,250,18%,65, #40-D,
Vegas 2018, Venetian, No Limit Holdem , Thu, 6/21/2018, 6:05 PM,400,15%,65, #35: D,
Vegas 2018, Aria, No Limit Holdem , Thu, 6/21/2018, 7:00 PM,240,18.80%,44, ,
Vegas 2018, Nugget, No Limit Holdem , Thu, 6/21/2018, 7:00 PM,200,22.50%,41, #56-C,
Vegas 2018, Aria, No Limit Holdem , Fri, 6/22/2018, 11:00 AM,400,15%,63, ,
Vegas 2018, Nugget, No Limit Holdem , Fri, 6/22/2018, 11:00 AM,200,22.50%,41, #56-D,
Vegas 2018, Orleans, No Limit Holdem , Fri, 6/22/2018, 11:00 AM,400,12.50%,77, #1-A: Seniors,
Vegas 2018, PH, No Limit Holdem , Fri, 6/22/2018, 11:00 AM,100,25%,45, #42,
Vegas 2018, Rio, No Limit Holdem , Fri, 6/22/2018, 11:00 AM,1000,10%,53, #45,
Vegas 2018, Venetian, No Limit Holdem , Fri, 6/22/2018, 12:00 PM,400,16.30%,102, #83,
Vegas 2018, Wynn, No Limit Holdem , Fri, 6/22/2018, 12:00 PM,550,12.70%,58, 5K Survivor,
Vegas 2018, Nugget, No Limit Holdem , Fri, 6/22/2018, 3:00 PM,200,22.50%,41, #56-E,
Vegas 2018, Aria, No Limit Holdem , Fri, 6/22/2018, 7:00 PM,240,18.80%,44, ,
Vegas 2018, Nugget, No Limit Holdem , Fri, 6/22/2018, 7:00 PM,200,22.50%,41, #56-F,
Vegas 2018, Rio, No Limit Holdem , Fri, 6/22/2018, 7:00 PM,365,17.80%,39, #6-D: Giant,
Vegas 2018, Orleans, No Limit Holdem , Fri, 6/22/2018, 7:05 PM,130,23.10%,31, ,
Vegas 2018, Venetian, No Limit Holdem , Fri, 6/22/2018, 7:05 PM,600,13.30%,35, #84,
Vegas 2018, Rio, No Limit Holdem , Sat, 6/23/2018, 10:00 AM,1500,10%,131, #48-A: Monster,
Vegas 2018, Nugget, No Limit Holdem , Sat, 6/23/2018, 11:00 AM,200,22.50%,41, #56-G,
Vegas 2018, Orleans, No Limit Holdem , Sat, 6/23/2018, 11:00 AM,400,12.50%,77, #1-B: Seniors,
Vegas 2018, PH, No Limit Holdem , Sat, 6/23/2018, 11:00 AM,200,17.50%,67, #43,
Vegas 2018, Venetian, No Limit Holdem , Sat, 6/23/2018, 12:00 PM,600,14.50%,92, #85-A,
Vegas 2018, Wynn, No Limit Holdem , Sat, 6/23/2018, 12:00 PM,1100,10.10%,63, ,
Vegas 2018, Nugget, No Limit Holdem , Sat, 6/23/2018, 3:00 PM,200,22.50%,41, #56-H,
Vegas 2018, PH, No Limit Holdem , Sat, 6/23/2018, 3:00 PM,100,25%,36, #45: Satellite,
Vegas 2018, Venetian, No Limit Holdem , Sat, 6/23/2018, 5:00 PM,600,14.50%,92, #85-B,
Vegas 2018, Aria, No Limit Holdem , Sat, 6/23/2018, 7:00 PM,240,18.80%,44, ,
Vegas 2018, Nugget, No Limit Holdem , Sat, 6/23/2018, 7:00 PM,200,22.50%,41, #56-I,
Vegas 2018, Venetian, No Limit Holdem , Sat, 6/23/2018, 10:00 PM,400,12.50%,17, #87: Turbo,
Vegas 2018, Rio, No Limit Holdem , Sun, 6/24/2018, 10:00 AM,1500,10%,131, #48-B: Monster,
Vegas 2018, Binions, No Limit Holdem , Sun, 6/24/2018, 11:00 AM,365,17.80%,81, Bounty,
Vegas 2018, PH, No Limit Holdem , Sun, 6/24/2018, 11:00 AM,200,17.50%,65, #46,
Vegas 2018, Wynn, No Limit Holdem , Sun, 6/24/2018, 12:00 PM,1100,10.10%,63, ,
Vegas 2018, Nugget, No Limit Holdem , Sun, 6/24/2018, 1:00 PM,150,26.70%,46, #58,
Vegas 2018, PH, No Limit Holdem , Sun, 6/24/2018, 3:00 PM,600,13.30%,97, #47-A,
Vegas 2018, Venetian, No Limit Holdem , Sun, 6/24/2018, 4:00 PM,400,12.50%,30, #88: Satellite,
Vegas 2018, Venetian, No Limit Holdem , Sun, 6/24/2018, 6:05 PM,400,15%,65, #35: E,
Vegas 2018, Aria, No Limit Holdem , Sun, 6/24/2018, 7:00 PM,240,18.80%,44, ,
Vegas 2018, Aria, No Limit Holdem , Mon, 6/25/2018, 11:00 AM,570,12.30%,92, 1A,
Vegas 2018, Nugget, No Limit Holdem , Mon, 6/25/2018, 11:00 AM,150,26.70%,34, #60: Ladies,
Vegas 2018, Rio, No Limit Holdem , Mon, 6/25/2018, 11:00 AM,1500,10%,100, #51: Bounty,
Vegas 2018, PH, No Limit Holdem , Mon, 6/25/2018, 12:00 PM,200,17.50%,65, #49,
Vegas 2018, Venetian, No Limit Holdem , Mon, 6/25/2018, 12:00 PM,3500,8.60%,154, #89-A,
Vegas 2018, Wynn, No Limit Holdem , Mon, 6/25/2018, 12:00 PM,550,12.70%,58, ,
Vegas 2018, Nugget, No Limit Holdem , Mon, 6/25/2018, 1:00 PM,150,26.70%,46, #61,
Vegas 2018, PH, No Limit Holdem , Mon, 6/25/2018, 3:00 PM,600,13.30%,97, #47-B,
Vegas 2018, Venetian, No Limit Holdem , Mon, 6/25/2018, 4:00 PM,400,12.50%,30, #91: Satellite,
Vegas 2018, Venetian, No Limit Holdem , Mon, 6/25/2018, 6:00 PM,600,13.70%,35, #92,
Vegas 2018, Wynn, No Limit Holdem , Mon, 6/25/2018, 7:00 PM,175,18.30%,33, Satellite,
Vegas 2018, Aria, No Limit Holdem , Tue, 6/26/2018, 11:00 AM,570,12.30%,92, 1B,
Vegas 2018, PH, No Limit Holdem , Tue, 6/26/2018, 11:00 AM,600,13.30%,97, #47-C,
Vegas 2018, Venetian, No Limit Holdem , Tue, 6/26/2018, 11:00 AM,400,12.50%,30, #93: Satellite,
Vegas 2018, Venetian, No Limit Holdem , Tue, 6/26/2018, 12:00 PM,3500,8.60%,154, #89-B,
Vegas 2018, Wynn, No Limit Holdem , Tue, 6/26/2018, 12:00 PM,1100,11%,94, #1-A,
Vegas 2018, Nugget, No Limit Holdem , Tue, 6/26/2018, 1:00 PM,150,26.70%,46, #64,
Vegas 2018, Venetian, No Limit Holdem , Tue, 6/26/2018, 2:00 PM,500,14%,92, #94: Ladies,
Vegas 2018, PH, No Limit Holdem , Tue, 6/26/2018, 3:00 PM,200,17.50%,40, #50: Tag Team,
Vegas 2018, Rio, No Limit Holdem , Tue, 6/26/2018, 3:00 PM,3000,10%,131, #54,
Vegas 2018, Venetian, No Limit Holdem , Tue, 6/26/2018, 6:05 PM,400,15%,65, #35: F,
Vegas 2018, Aria, No Limit Holdem , Wed, 6/27/2018, 11:00 AM,570,12.30%,92, 1C,
Vegas 2018, PH, No Limit Holdem , Wed, 6/27/2018, 11:00 AM,400,13.80%,70, #51: 6 Handed,
Vegas 2018, Rio, No Limit Holdem , Wed, 6/27/2018, 11:00 AM,1000,10%,115, #55: Tag Team,
Vegas 2018, Venetian, No Limit Holdem , Wed, 6/27/2018, 11:00 AM,400,11.80%,15, #95: Turbo Satellite,
Vegas 2018, Venetian, No Limit Holdem , Wed, 6/27/2018, 12:00 PM,3500,8.60%,154, #89-C,
Vegas 2018, Wynn, No Limit Holdem , Wed, 6/27/2018, 12:00 PM,1100,11%,94, #1-B,
Vegas 2018, Nugget, No Limit Holdem , Wed, 6/27/2018, 1:00 PM,150,26.70%,46, #65,
Vegas 2018, PH, No Limit Holdem , Wed, 6/27/2018, 6:00 PM,130,23.10%,36, #52: Ladies Survivor,
Vegas 2018, Venetian, No Limit Holdem , Wed, 6/27/2018, 6:05 PM,400,15%,65, #35: G,
Vegas 2018, Aria, No Limit Holdem , Wed, 6/27/2018, 7:00 PM,570,12.30%,46, 1D: Turbo,
Vegas 2018, Aria, No Limit Holdem , Thu, 6/28/2018, 11:00 AM,570,12.30%,92, 1E,
Vegas 2018, Nugget, No Limit Holdem , Thu, 6/28/2018, 11:00 AM,570,12.30%,94, #69-A,
Vegas 2018, Orleans, No Limit Holdem , Thu, 6/28/2018, 11:00 AM,150,20%,49, Bounty,
Vegas 2018, PH, No Limit Holdem , Thu, 6/28/2018, 11:00 AM,250,18%,65, #53-A,
Vegas 2018, Rio, No Limit Holdem , Thu, 6/28/2018, 11:00 AM,1000,10%,88, #57: Ladies,
Vegas 2018, Venetian, No Limit Holdem , Thu, 6/28/2018, 12:00 PM,1600,9.70%,102, #96: Bounty,
Vegas 2018, Wynn, No Limit Holdem , Thu, 6/28/2018, 12:00 PM,1100,11%,94, #1-C,
Vegas 2018, Nugget, No Limit Holdem , Thu, 6/28/2018, 1:00 PM,150,26.70%,46, #70,
Vegas 2018, PH, No Limit Holdem , Thu, 6/28/2018, 4:00 PM,250,18%,65, #53-B,
Vegas 2018, Venetian, No Limit Holdem , Thu, 6/28/2018, 7:05 PM,400,14.50%,32, #97: Bounty,
Vegas 2018, Aria, No Limit Holdem , Fri, 6/29/2018, 11:00 AM,570,12.30%,92, 1F,
Vegas 2018, Nugget, No Limit Holdem , Fri, 6/29/2018, 11:00 AM,570,12.30%,94, #69-B,
Vegas 2018, PH, No Limit Holdem , Fri, 6/29/2018, 11:00 AM,250,18%,65, #53-C,
Vegas 2018, Rio, No Limit Holdem , Fri, 6/29/2018, 11:00 AM,1000,10%,31, #59: Turbo Bounty,
Vegas 2018, Venetian, No Limit Holdem , Fri, 6/29/2018, 12:00 PM,1100,10.50%,77, #98,
Vegas 2018, Nugget, No Limit Holdem , Fri, 6/29/2018, 1:00 PM,150,26.70%,46, #72,
Vegas 2018, Rio, No Limit Holdem , Fri, 6/29/2018, 3:30 PM,1000,5%,65, #61: Online,
Vegas 2018, PH, No Limit Holdem , Fri, 6/29/2018, 4:00 PM,250,18%,65, #53-D,
Vegas 2018, PH, No Limit Holdem , Fri, 6/29/2018, 6:00 PM,250,12%,36, #54: Satellite,
Vegas 2018, Venetian, No Limit Holdem , Fri, 6/29/2018, 6:05 PM,400,15%,65, #35: H,
Vegas 2018, Rio, No Limit Holdem , Fri, 6/29/2018, 7:00 PM,365,17.80%,39, #6-E: Giant,
Vegas 2018, Orleans, No Limit Holdem , Fri, 6/29/2018, 7:05 PM,130,23.10%,31, ,
Vegas 2018, PH, No Limit Holdem , Sat, 6/30/2018, 10:00 AM,2200,9.10%,113, #55-A,
Vegas 2018, Rio, No Limit Holdem , Sat, 6/30/2018, 10:00 AM,888,10%,54, #62-A: 8 Handed,
Vegas 2018, Aria, No Limit Holdem , Sat, 6/30/2018, 11:00 AM,570,12.30%,92, 1G,
Vegas 2018, Nugget, No Limit Holdem , Sat, 6/30/2018, 11:00 AM,570,12.30%,94, #69-C,
Vegas 2018, PH, No Limit Holdem , Sat, 6/30/2018, 12:00 PM,330,9.10%,36, #56: Satellite,
Vegas 2018, Venetian, No Limit Holdem , Sat, 6/30/2018, 12:00 PM,600,15%,78, #99-A,
Vegas 2018, PH, No Limit Holdem , Sat, 6/30/2018, 3:00 PM,2200,9.10%,113, #55-B,
Vegas 2018, Rio, No Limit Holdem , Sat, 6/30/2018, 3:30 PM,3200,5%,60, #63: Online,
Vegas 2018, Rio, No Limit Holdem , Sat, 6/30/2018, 5:00 PM,888,10%,54, #62-B: 8 Handed,
Vegas 2018, Venetian, No Limit Holdem , Sat, 6/30/2018, 5:00 PM,600,15%,78, #99-B,
Vegas 2018, PH, No Limit Holdem , Sat, 6/30/2018, 6:00 PM,330,9.10%,36, #57: Satellite,
Vegas 2018, Venetian, No Limit Holdem , Sat, 6/30/2018, 10:00 PM,400,12.50%,17, #101: Turbo,
Vegas 2018, PH, No Limit Holdem , Sun, 7/1/2018, 10:00 AM,2200,9.10%,113, #55-C,
Vegas 2018, Rio, No Limit Holdem , Sun, 7/1/2018, 10:00 AM,888,10%,54, #62-C: 8 Handed,
Vegas 2018, Aria, No Limit Holdem , Sun, 7/1/2018, 11:00 AM,570,12.30%,46, 1H: Turbo,
Vegas 2018, Binions, No Limit Holdem , Sun, 7/1/2018, 11:00 AM,365,17.80%,81, ,
Vegas 2018, Venetian, No Limit Holdem , Sun, 7/1/2018, 12:00 PM,600,15%,78, #99-C,
Vegas 2018, Wynn, No Limit Holdem , Sun, 7/1/2018, 12:00 PM,550,12.70%,58, ,
Vegas 2018, Nugget, No Limit Holdem , Sun, 7/1/2018, 1:00 PM,150,26.70%,46, #77,
Vegas 2018, PH, No Limit Holdem , Sun, 7/1/2018, 3:00 PM,2200,9.10%,113, #55-D,
Vegas 2018, Rio, No Limit Holdem , Sun, 7/1/2018, 5:00 PM,888,10%,54, #62-D: 8 Handed,
Vegas 2018, Venetian, No Limit Holdem , Sun, 7/1/2018, 5:00 PM,600,15%,78, #99-D,
Vegas 2018, Aria, No Limit Holdem , Sun, 7/1/2018, 7:00 PM,570,12.30%,46, 1I: Turbo,
Vegas 2018, Nugget, No Limit Holdem , Sun, 7/1/2018, 7:00 PM,110,27.30%,28, ,
Vegas 2018, Nugget, No Limit Holdem , Mon, 7/2/2018, 11:00 AM,360,16.70%,65, #79: Bounty,
Vegas 2018, PH, No Limit Holdem , Mon, 7/2/2018, 11:00 AM,250,18%,67, #58-A,
Vegas 2018, Rio, No Limit Holdem , Mon, 7/2/2018, 11:00 AM,10000,6%,339, #65-A: Main Event,
Vegas 2018, Venetian, No Limit Holdem , Mon, 7/2/2018, 12:00 PM,600,15%,78, #99-E,
Vegas 2018, Wynn, No Limit Holdem , Mon, 7/2/2018, 12:00 PM,1100,10.10%,63, ,
Vegas 2018, Nugget, No Limit Holdem , Mon, 7/2/2018, 1:00 PM,150,26.70%,46, #80,
Vegas 2018, PH, No Limit Holdem , Mon, 7/2/2018, 4:00 PM,250,18%,67, #58-B,
Vegas 2018, Nugget, No Limit Holdem , Mon, 7/2/2018, 7:00 PM,110,27.30%,28, ,
Vegas 2018, Venetian, No Limit Holdem , Mon, 7/2/2018, 7:05 PM,1100,9.10%,30, #103: Turbo Bounty,
Vegas 2018, Aria, No Limit Holdem , Tue, 7/3/2018, 11:00 AM,300,83.30%,58, Ladies,
Vegas 2018, Nugget, No Limit Holdem , Tue, 7/3/2018, 11:00 AM,150,26.70%,37, #82: Turbo,
Vegas 2018, PH, No Limit Holdem , Tue, 7/3/2018, 11:00 AM,250,18%,67, #58-C,
Vegas 2018, Rio, No Limit Holdem , Tue, 7/3/2018, 11:00 AM,10000,6%,339, #65-B: Main Event,
Vegas 2018, Venetian, No Limit Holdem , Tue, 7/3/2018, 12:00 PM,600,13.70%,77, #104,
Vegas 2018, Wynn, No Limit Holdem , Tue, 7/3/2018, 12:00 PM,550,12.70%,58, ,
Vegas 2018, Nugget, No Limit Holdem , Tue, 7/3/2018, 1:00 PM,150,26.70%,46, #83,
Vegas 2018, PH, No Limit Holdem , Tue, 7/3/2018, 2:00 PM,600,13.30%,65, #59: Survivor,
Vegas 2018, PH, No Limit Holdem , Tue, 7/3/2018, 4:00 PM,250,18%,67, #58-D,
Vegas 2018, Aria, No Limit Holdem , Tue, 7/3/2018, 7:00 PM,240,18.80%,44, ,
Vegas 2018, Nugget, No Limit Holdem , Tue, 7/3/2018, 7:00 PM,110,27.30%,28, ,
Vegas 2018, Venetian, No Limit Holdem , Tue, 7/3/2018, 7:05 PM,600,13%,30, #106: Turbo,
Vegas 2018, Aria, No Limit Holdem , Wed, 7/4/2018, 11:00 AM,400,15%,63, ,
Vegas 2018, PH, No Limit Holdem , Wed, 7/4/2018, 11:00 AM,250,18%,67, #58-E,
Vegas 2018, Rio, No Limit Holdem , Wed, 7/4/2018, 11:00 AM,10000,6%,339, #65-C: Main Event,
Vegas 2018, Venetian, No Limit Holdem , Wed, 7/4/2018, 12:00 PM,600,13.70%,77, #107,
Vegas 2018, Wynn, No Limit Holdem , Wed, 7/4/2018, 12:00 PM,550,12.70%,58, ,
Vegas 2018, PH, No Limit Holdem , Wed, 7/4/2018, 4:00 PM,250,18%,67, #58-F,
Vegas 2018, Venetian, No Limit Holdem , Wed, 7/4/2018, 4:00 PM,300,16%,20, #108: Satellite,
Vegas 2018, Aria, No Limit Holdem , Wed, 7/4/2018, 7:00 PM,240,18.80%,44, ,
Vegas 2018, Venetian, No Limit Holdem , Wed, 7/4/2018, 7:05 PM,400,14.50%,32, #109: Bounty,
Vegas 2018, Aria, No Limit Holdem , Thu, 7/5/2018, 11:00 AM,400,15%,63, ,
Vegas 2018, Venetian, No Limit Holdem , Thu, 7/5/2018, 12:00 PM,1100,11.40%,92, #110-A,
Vegas 2018, Wynn, No Limit Holdem , Thu, 7/5/2018, 12:00 PM,550,12.70%,58, ,
Vegas 2018, Aria, No Limit Holdem , Thu, 7/5/2018, 7:00 PM,150,16.70%,40, Satellite,
Vegas 2018, Venetian, No Limit Holdem , Thu, 7/5/2018, 7:05 PM,600,13.30%,35, #112,
Vegas 2018, Aria, No Limit Holdem , Fri, 7/6/2018, 11:00 AM,1100,9.10%,108, ,
Vegas 2018, PH, No Limit Holdem , Fri, 7/6/2018, 12:00 PM,565,11.50%,65, #61: Survivor,
Vegas 2018, Venetian, No Limit Holdem , Fri, 7/6/2018, 12:00 PM,1100,11.40%,92, #110-B,
Vegas 2018, Wynn, No Limit Holdem , Fri, 7/6/2018, 12:00 PM,550,12.70%,58, ,
Vegas 2018, Venetian, No Limit Holdem , Fri, 7/6/2018, 7:05 PM,600,13.30%,35, #113: Bounty,
Vegas 2018, Aria, No Limit Holdem , Sat, 7/7/2018, 11:00 AM,400,15%,63, ,
Vegas 2018, Rio, No Limit Holdem , Sat, 7/7/2018, 11:00 AM,1111,19%,115, #68-A: One Drop,
Vegas 2018, PH, No Limit Holdem , Sat, 7/7/2018, 12:00 PM,100,25%,45, #62,
Vegas 2018, Wynn, No Limit Holdem , Sat, 7/7/2018, 12:00 PM,1100,10.10%,63, ,
Vegas 2018, Venetian, No Limit Holdem , Sat, 7/7/2018, 1:00 PM,600,14.50%,97, #114,
Vegas 2018, PH, No Limit Holdem , Sat, 7/7/2018, 3:00 PM,2200,9.10%,53, #63: Turbo,
Vegas 2018, Aria, No Limit Holdem , Sat, 7/7/2018, 7:00 PM,240,18.80%,44, ,
Vegas 2018, PH, No Limit Holdem , Sun, 7/8/2018, 10:00 AM,500,12%,65, #64: Seniors,
Vegas 2018, Aria, No Limit Holdem , Sun, 7/8/2018, 11:00 AM,400,15%,63, ,
Vegas 2018, PH, No Limit Holdem , Sun, 7/8/2018, 11:00 AM,100,25%,45, #65,
Vegas 2018, Rio, No Limit Holdem , Sun, 7/8/2018, 11:00 AM,1111,19%,115, #68-B: One Drop,
Vegas 2018, Wynn, No Limit Holdem , Sun, 7/8/2018, 11:00 AM,550,12.70%,60, Seniors,
Vegas 2018, Venetian, No Limit Holdem , Sun, 7/8/2018, 12:00 PM,600,13.70%,77, #115,
Vegas 2018, Aria, No Limit Holdem , Sun, 7/8/2018, 7:00 PM,240,18.80%,44, ,
Vegas 2018, Wynn, No Limit Holdem , Sun, 7/8/2018, 7:00 PM,265,17.40%,33, Satellite,
Vegas 2018, Venetian, No Limit Holdem , Sun, 7/8/2018, 7:05 PM,300,16%,20, #116: Satellite,
Vegas 2018, PH, No Limit Holdem , Mon, 7/9/2018, 11:00 AM,100,25%,45, #66,
Vegas 2018, Rio, No Limit Holdem , Mon, 7/9/2018, 11:00 AM,1111,19%,115, #68-C: One Drop,
Vegas 2018, Venetian, No Limit Holdem , Mon, 7/9/2018, 12:00 PM,1100,11.40%,92, #118-A,
Vegas 2018, Wynn, No Limit Holdem , Mon, 7/9/2018, 12:00 PM,1600,9.10%,121, #1-A,
Vegas 2018, Venetian, No Limit Holdem , Mon, 7/9/2018, 7:05 PM,300,16%,20, #119: Satellite,
Vegas 2018, PH, No Limit Holdem , Tue, 7/10/2018, 11:00 AM,250,18%,65, #68-A,
Vegas 2018, Rio, No Limit Holdem , Tue, 7/10/2018, 11:00 AM,5000,7%,77, #71: Turbo,
Vegas 2018, Venetian, No Limit Holdem , Tue, 7/10/2018, 12:00 PM,1100,11.40%,92, #118-B,
Vegas 2018, Wynn, No Limit Holdem , Tue, 7/10/2018, 12:00 PM,1600,9.10%,121, #1-B,
Vegas 2018, PH, No Limit Holdem , Tue, 7/10/2018, 4:00 PM,250,18%,65, #68-B,
Vegas 2018, PH, No Limit Holdem , Wed, 7/11/2018, 11:00 AM,250,18%,65, #68-C,
Vegas 2018, Rio, No Limit Holdem , Wed, 7/11/2018, 11:00 AM,1000,10%,58, #73: Turbo,
Vegas 2018, Wynn, No Limit Holdem , Wed, 7/11/2018, 12:00 PM,1600,9.10%,121, #1-C,
Vegas 2018, Venetian, No Limit Holdem , Wed, 7/11/2018, 1:00 PM,600,15%,78, #120,
Vegas 2018, Rio, No Limit Holdem , Wed, 7/11/2018, 3:00 PM,10000,6%,175, #74: 6 Handed,
Vegas 2018, Rio, No Limit Holdem , Thu, 7/12/2018, 11:00 AM,1500,10%,65, #75-A,
Vegas 2018, PH, No Limit Holdem , Thu, 7/12/2018, 12:00 PM,100,25%,45, #69,
Vegas 2018, Venetian, No Limit Holdem , Thu, 7/12/2018, 12:00 PM,600,13.70%,77, #121,
Vegas 2018, Venetian, No Limit Holdem , Thu, 7/12/2018, 7:05 PM,600,13.30%,35, #122: Survivor,
Vegas 2018, Rio, No Limit Holdem , Fri, 7/13/2018, 11:00 AM,1500,10%,65, #75-B,
Vegas 2018, Venetian, No Limit Holdem , Fri, 7/13/2018, 11:00 AM,600,14.50%,92, #123: Seniors,
Vegas 2018, PH, No Limit Holdem , Fri, 7/13/2018, 12:00 PM,100,25%,45, #71,
Vegas 2018, Wynn, No Limit Holdem , Fri, 7/13/2018, 12:00 PM,1100,10.10%,63, ,
Vegas 2018, Rio, No Limit Holdem , Fri, 7/13/2018, 3:00 PM,50000,4%,108, #77: High Roller,
Vegas 2018, Venetian, No Limit Holdem , Fri, 7/13/2018, 7:05 PM,600,12.50%,32, #124: Satellite,
Vegas 2018, Rio, No Limit Holdem , Sat, 7/14/2018, 11:00 AM,1500,10%,65, #75-C,
Vegas 2018, Venetian, No Limit Holdem , Sat, 7/14/2018, 11:00 AM,600,12.50%,32, #125: Satellite,
Vegas 2018, PH, No Limit Holdem , Sat, 7/14/2018, 12:00 PM,100,25%,50, #72,
Vegas 2018, Venetian, No Limit Holdem , Sat, 7/14/2018, 12:00 PM,5000,7.50%,192, #126-A,
Vegas 2018, Wynn, No Limit Holdem , Sat, 7/14/2018, 12:00 PM,1100,10.10%,63, ,
Vegas 2018, Venetian, No Limit Holdem , Sat, 7/14/2018, 7:05 PM,600,12.50%,32, #127: Satellite,
Vegas 2018, Rio, No Limit Holdem , Sun, 7/15/2018, 11:00 AM,1000000,3.30%,149, #78: One Drop,
Vegas 2018, PH, No Limit Holdem , Sun, 7/15/2018, 12:00 PM,100,25%,45, #73,
Vegas 2018, Venetian, No Limit Holdem , Sun, 7/15/2018, 12:00 PM,5000,7.50%,192, #126-B,
Vegas 2018, Wynn, No Limit Holdem , Sun, 7/15/2018, 12:00 PM,550,12.70%,58, ,
Vegas 2018, Venetian, No Limit Holdem , Sun, 7/15/2018, 7:05 PM,600,12.50%,32, #128: Satellite,
Vegas 2018, Wynn, No Limit Holdem , Mon, 7/16/2018, 12:00 PM,400,13.50%,60, ,
Vegas 2018, Venetian, No Limit Holdem , Mon, 7/16/2018, 7:05 PM,300,16.70%,32, #129: Bounty,
Vegas 2018, Venetian, No Limit Holdem , Tue, 7/17/2018, 12:00 PM,400,14.50%,45, #130,
Vegas 2018, Venetian, No Limit Holdem , Tue, 7/17/2018, 7:05 PM,300,17.70%,35, #131,
Vegas 2018, Venetian, No Limit Holdem , Wed, 7/18/2018, 12:00 PM,400,14.50%,45, #132,
Vegas 2018, Venetian, No Limit Holdem , Wed, 7/18/2018, 7:05 PM,300,16.70%,32, #133: Bounty,
Vegas 2018, Venetian, No Limit Holdem , Thu, 7/19/2018, 12:00 PM,600,14.50%,92, #134-A,
Vegas 2018, Venetian, No Limit Holdem , Thu, 7/19/2018, 7:05 PM,300,17.70%,35, #135,
Vegas 2018, Venetian, No Limit Holdem , Fri, 7/20/2018, 12:00 PM,600,14.50%,92, #134-B,
Vegas 2018, Venetian, No Limit Holdem , Fri, 7/20/2018, 7:05 PM,300,16.70%,32, #136: Bounty,
Vegas 2018, Venetian, No Limit Holdem , Sat, 7/21/2018, 12:00 PM,600,14.50%,92, #134-C,
Vegas 2018, Venetian, No Limit Holdem , Sat, 7/21/2018, 7:05 PM,300,16.70%,32, #137: Bounty,
Vegas 2018, Venetian, No Limit Holdem , Sun, 7/22/2018, 12:00 PM,300,16.70%,40, #138: Rebuy,
Vegas 2018, Venetian, No Limit Holdem , Sun, 7/22/2018, 7:05 PM,300,17.70%,35, #139,
Vegas 2018, Venetian, No Limit Holdem , Mon, 7/23/2018, 12:00 PM,400,14.50%,45, #140,
Vegas 2018, Venetian, No Limit Holdem , Mon, 7/23/2018, 7:05 PM,200,20%,32, #141: Bounty,
Vegas 2018, Venetian, No Limit Holdem , Tue, 7/24/2018, 12:00 PM,400,15%,65, #142-A,
Vegas 2018, Venetian, No Limit Holdem , Tue, 7/24/2018, 7:05 PM,200,20%,32, #143: Bounty,
Vegas 2018, Venetian, No Limit Holdem , Wed, 7/25/2018, 12:00 PM,400,15%,65, #142-B,
Vegas 2018, Venetian, No Limit Holdem , Wed, 7/25/2018, 7:05 PM,200,20%,32, #144: Rebuy,
Vegas 2018, Venetian, No Limit Holdem , Thu, 7/26/2018, 12:00 PM,400,15%,65, #142-C,
Vegas 2018, Venetian, No Limit Holdem , Thu, 7/26/2018, 7:05 PM,200,20%,32, #145,
Vegas 2018, Venetian, No Limit Holdem , Fri, 7/27/2018, 12:00 PM,400,15%,65, #142-D,
Vegas 2018, Venetian, No Limit Holdem , Fri, 7/27/2018, 7:05 PM,200,20%,32, #146: Rebuy,
Vegas 2018, Venetian, No Limit Holdem , Sat, 7/28/2018, 12:00 PM,400,15%,65, #142-E,
Vegas 2018, Venetian, No Limit Holdem , Sat, 7/28/2018, 7:05 PM,300,17.70%,35, #147,
Vegas 2018, Venetian, No Limit Holdem , Sun, 7/29/2018, 12:00 PM,300,16.70%,40, #148: Rebuy,
Vegas 2018, Venetian, No Limit Holdem , Sun, 7/29/2018, 7:05 PM,200,20%,32, #150: Bounty ,
